{"cameraMode":{"drawMode":0,"name":"Shaded","section":"Shading Mode"},"sceneLighting":false,"audioPlay":false,"sceneViewState":{"showFog":true,"showMaterialUpdate":false,"showSkybox":false,"showFlares":true,"showImageEffects":true,"showParticleSystems":true},"in2DMode":false,"pivot":{"x":8.15999984741211,"y":0.375,"z":3.3499999046325685},"rotation":{"x":0.700714647769928,"y":0.0010700041893869639,"z":-0.0010504419915378094,"w":0.7134417295455933},"size":5.049752235412598,"orthographic":true}