{"cameraMode":{"drawMode":0,"name":"Shaded","section":"Shading Mode"},"sceneLighting":true,"audioPlay":false,"sceneViewState":{"showFog":true,"showMaterialUpdate":false,"showSkybox":true,"showFlares":true,"showImageEffects":true,"showParticleSystems":true},"in2DMode":false,"pivot":{"x":-8.183661460876465,"y":5.630375862121582,"z":-1.2300000190734864},"rotation":{"x":0.6638585925102234,"y":-0.006730447057634592,"z":0.005974870175123215,"w":0.7478076219558716},"size":12.078567504882813,"orthographic":false}